param,value,mean_rank,friedman_p,CD,median_log10,revisions_per_run,all_blocks_tied
gamma,0.0,2.526666666666667,0.38662483094085537,0.5415927539315044,-2.1310007290926687,253.50666666666666,False
gamma,0.15,2.5,0.38662483094085537,0.5415927539315044,-2.1310007290926687,253.18666666666667,False
gamma,0.3,2.546666666666667,0.38662483094085537,0.5415927539315044,-2.1310007290926687,252.41333333333333,False
gamma,0.6,2.4266666666666667,0.38662483094085537,0.5415927539315044,-2.1310007290926625,252.0,False
beta0,0.1,2.66,0.006359406024827284,0.5415927539315044,-2.1310007290926625,251.6,False
beta0,0.2,2.473333333333333,0.006359406024827284,0.5415927539315044,-2.1310007290926687,252.70666666666668,False
beta0,0.3,2.486666666666667,0.006359406024827284,0.5415927539315044,-2.1310007290926687,252.41333333333333,False
beta0,0.5,2.38,0.006359406024827284,0.5415927539315044,-2.1310007290926625,252.97333333333333,False
G_trigger,10,1.98,0.5164822867855012,0.3826102978227324,-2.1310007290926625,507.50666666666666,False
G_trigger,20,2.046666666666667,0.5164822867855012,0.3826102978227324,-2.1310007290926687,252.41333333333333,False
G_trigger,40,1.9733333333333334,0.5164822867855012,0.3826102978227324,-2.1310007290926625,125.97333333333333,False
